PROVINCE ,DISTRICT,SECTOR,TOTAL NUMBER OF BENEFICIARIES REACHED (people/individuals)
Sindh,Khairpur,Health - SRH,18.0
Balochistan,Jhal Magsi,Health - SRH,6.0
Khyber Pakhtunkhwa,Buner,Protection - GBV,22.0
BALOCHISTAN,KHUZDAR,"Food Security, Agriculture & Livelihoods",3500.0
BALOCHISTAN,LASBELA,"Food Security, Agriculture & Livelihoods",3500.0
BALOCHISTAN,QUETTA,"Food Security, Agriculture & Livelihoods",10500.0
BALOCHISTAN,PISHIN,"Food Security, Agriculture & Livelihoods",90.0
BALOCHISTAN,QUETTA,"Food Security, Agriculture & Livelihoods",50.0
BALOCHISTAN,QUETTA,"Food Security, Agriculture & Livelihoods",100.0
KHYBER PAKHTUNKHWA,SWAT,"Food Security, Agriculture & Livelihoods",24700.0
KHYBER PAKHTUNKHWA,Upper Dir,"Food Security, Agriculture & Livelihoods",20332.0
KHYBER PAKHTUNKHWA,Khyber,"Food Security, Agriculture & Livelihoods",29250.0
