Country/Province/District (1),Area of Country/ Province/ District/ (km2),Total population in  Province ,"Analysed area [01-31 Aug. 2022]
(km2)",Total Population in Analyzed area [01-31 Aug. 2022],"Maximum flood water extent  [01-31 Aug. 2022]
(km2)",Population potentially exposed [01-31 Aug. 2022],Population potentially exposed in analyzed area  [01-31 Aug. 2022] (%),"Analysed area (in cloud free zone) [25-31 Aug. 2022]
(km2)",Total Population in Analyzed area [25-31 Aug. 2022],"Maximum flood water extent  [25-31 Aug. 2022]
(km2)",Population potentially exposed in analyzed area [25-31 Aug. 2022],Population potentially exposed in analyzed area  [25-31 Aug. 2022] (%),"Analysed area (in cloud free zone) [01-07 Sep. 2022]
(km2)", Total Population in Analyzed area  [01-07 Sep. 2022],"Maximum flood water extent  [01-07 Sep. 2022]
(km2)",Population potentially exposed in analyzed area  [01-07 Sep. 2022],Population potentially exposed  in analyzed area  [01-07 Sep. 2022] (%),"Analysed area (in cloud free zone) [08-14 Sep. 2022]
(km2)", Total Population in Analyzed area  [08-14 Sep. 2022],"Maximum flood water extent  [08-14 Sep. 2022]
(km2)",Population potentially exposed in analyzed area [08-14 Sep. 2022],Population potentially exposed in analyzed area  [08-14 Sep. 2022] (%),"Analysed area (in cloud free zone) [15-21 Sep. 2022]
(km2)"," Total Population in Analyzed area  [15-21 Sep. 2022]
(km2)","Maximum flood water extent  [15-21 Sep. 2022]
(km2)",Population potentially exposed    [15-21 Sep. 2022],Population potentially exposed  [15-21 Sep. 2022] (%),"Analysed area (in cloud free zone) [26-Sep. - 02 Oct. 2022]
(km2)"," Total Population in Analyzed area [26-Sep. - 02 Oct. 2022]
","Maximum flood water extent  [26-Sep. - 02 Oct. 2022]
(km2)",Population potentially exposed    [26-Sep. - 02 Oct. 2022],Population potentially exposed  [26-Sep. - 02 Oct. 2022] (%),"Analysed area (in cloud free zone) [03 - 09 Oct. 2022]
(km2)"," Total Population in Analyzed area [03 - 09 Oct. 2022]
","Maximum flood water extent [03 - 09 Oct. 2022]
(km2)",Population potentially exposed  [03 - 09 Oct. 2022],Population potentially exposed [03 - 09 Oct. 2022] (%),"Analysed area (in cloud free zone) [11 - 17 Oct. 2022]
(km2)"," Total Population in Analyzed area [11 - 17 Oct. 2022]
","Maximum flood water extent[11 - 17 Oct. 2022]
(km2)",Population potentially exposed [11 - 17 Oct. 2022],Population potentially exposed [11 - 17 Oct. 2022] (%),"Analysed area (in cloud free zone) [14 - 20 Oct. 2022]
(km2)"," Total Population in Analyzed area  [14 - 20 Nov. 2022]
","Maximum flood water extent  [14 - 20 Nov. 2022]
(km2)",Population potentially exposed [14 - 20 Nov. 2022],Population potentially exposed [14 - 20 Nov. 2022] (%),Variation  of maximum floodwater extent between [25-31 Aug. 2022] & [01-07 Sep. 2022](km2),Variation  of maximum floodwater extent between [01-07 Sep. 2022] & [08-14 Sep. 2022](km2),Variation  of maximum floodwater extent between  [08-14 Sep. 2022] & [15-21 Sep. 2022](km2),Variation  of maximum floodwater extent between [15-21 Sep. 2022]& [26-02 Oct. 2022] (km2),Variation  of maximum floodwater extent between [26-02 Oct. 2022] & [03-09 2022] (km2),Variation  of maximum floodwater extent between [03-09  Oct. 2022]& [11 - 17 Oct. 2022] (km2),Variation  of maximum floodwater extent between  [11 - 17 Oct. 2022]& [14 - 20 Nov. 2022] (km2)
Pakistan,877964.6739099998,231088952.39900398,877964.6739099998,231088952.39899218,83557.111748835,31251773.832889862,0.135236987785248,845542.3009099996,229529522.059716,68963.77902800002,23717896.32008001,0.10333266112020831,862921.2150099997,230560435.564094,59789.41879099998,21814554.30890399,0.0946153413335295,863894.0734100001,230769911.99704584,53172.069765629014,19035055.904096525,0.08248499875642454,864951.4249099997,230872776.42151603,45579.941169,16672766.843905997,0.07221625304780711,865556.7269099995,230846264.294127,41737.804367,14851871.632217001,0.06433663406956355,864847.0169099997,230863124.661736,36596.468339,12585042.910379998,0.054513006045550955,863371.6879099997,230823423.93802404,33631.48513,11255714.333488,0.04876331067903296,873938.4329099999,231004535.18701902,24660.371607999998,8251919.582142001,0.03572189427130219,-9174.360237000037,-6617.349025370968,-7592.128596629016,-3842.136802000001,-5141.336027999998,-2964.983208999998,-8971.113522000003
Azad Kashmir (2),11471.7228,3714094.716915,11471.7228,3714094.7169150007,99.45110404,40967.02498226328,0.011030150845558213,10667.352500000003,3636933.0906039993,57.460030999999994,20143.640797999997,0.005538633869850673,11119.052,3692093.962106,57.874008,20741.297647,0.005617759964908638,11359.3795,3709246.2377453004,55.767456183,18557.824557649063,0.005003125532299416,11450.7408,3713559.3726520007,66.981363,22249.947133,0.005991542049080106,11362.3748,3708264.9116610005,68.008255,26499.455663999997,0.007146052478794024,11454.1728,3713768.3479830003,58.97443,20409.526410000002,0.005495637987513331,11446.3558,3713336.7430710006,55.800045,21432.678366999997,0.005771811136437564,11457.5528,3712840.5485960008,46.082648000000006,20490.951517000005,0.005518941966077319,0.4139770000000098,-2.1065518170000033,11.213906817000002,1.0268920000000037,-9.033825000000007,-3.174385000000001,-9.717396999999991
Bagh,697.15,378099.32103600004,697.15,378099.32103600004,0.444474,234.562263608,0.0006203720836242035,653.775,367343.61476599996,0.0,0.0,0.0,692.354,377202.763991,0.271783,214.8966,0.0005697110957679181,696.682,378005.034504,0.0,0.0,0.0,697.15,378099.32103600004,0.132834,53.527152,0.00014156902438580024,692.467,377147.648497,0.037888,102.384995,0.0002714719166565728,697.15,378099.32103600004,0.081838,80.691978,0.0002134147656729515,697.15,378099.32103600004,0.246011,110.207766,0.00029147834938721503,697.135,378095.463372,0.406042,329.965231,0.000872703491486631,0.271783,-0.271783,0.132834,-0.094946,0.043949999999999996,0.164173,0.160031
Bhimber,1218.88,380655.932043,1218.88,380655.932043,10.846441,4570.9765242329995,0.012008157865031377,1218.88,380655.932043,4.011444,1677.655521,0.0044072753890788885,1218.88,380655.932043,2.219051,1316.423874,0.003458303846559504,1218.88,380655.932043,3.49430025,1392.67173636346,0.003658610359462728,1218.88,380655.932043,0.808844,610.528196,0.001603884622848943,1218.88,380655.932043,0.66291,617.210407,0.0016214390872287211,1218.88,380655.932043,0.355398,347.078513,0.0009117906323887079,1218.88,380655.932043,0.3041,375.551399,0.0009865901655187568,1218.88,380655.932043,1.170393,556.799792,0.0014627377248835369,-1.7923930000000001,1.2752492500000003,-2.68545625,-0.145934,-0.307512,-0.05129800000000001,0.866293
Haveli,553.4942,154789.79833700001,553.4942,154789.7983367,0.0,0.0,0.0,480.0781,140028.62747500002,0.0,0.0,0.0,537.4354000000001,151762.332707,0.0,0.0,0.0,546.4709,153560.2174978,0.0,0.0,0.0,553.4942,154789.79833700001,0.0,0.0,0.0,542.1212,152524.643237,0.0,0.0,0.0,553.4942,154789.79833700001,0.0,0.0,0.0,553.4942,154789.79833700001,0.0,0.0,0.0,553.2602,154736.189546,0.798835,127.444549,0.0008236247084403823,0.0,0.0,0.0,0.0,0.0,0.0,0.798835
Jhelum Valley,684.5458,221213.331275,684.5458,221213.3312753,0.0,0.0,0.0,635.5726,212443.066211,0.0,0.0,0.0,661.6777999999999,217177.731206,0.0,0.0,0.0,682.6768,220919.15899569998,0.0,0.0,0.0,684.5458,221213.331275,0.0,0.0,0.0,682.5108,220846.134403,0.0,0.0,0.0,684.5458,221213.331275,0.0,0.0,0.0,684.0788,221142.36093300002,0.90097,1024.489853,0.004632716448706053,683.7447999999999,221080.00126299998,0.314213,64.065798,0.00028978558727157954,0.0,0.0,0.0,0.0,0.0,0.90097,-0.586757
Kotli,1606.0729999999999,739849.150485,1606.0729999999999,739849.150485,10.806782,7537.5485468496,0.01018795323601905,1605.837,739705.7440559999,7.103783999999999,5067.404538999999,0.006850568053201934,1606.0729999999999,739849.150485,7.163320000000001,3675.7321739999998,0.004968218415322115,1606.0729999999999,739849.150485,6.0601339329999995,3731.9052146100003,0.005044143407022352,1606.0729999999999,739849.150485,7.259745000000001,4430.891704,0.0059889123358395115,1606.0729999999999,739849.150485,10.28445,6617.192787,0.008943975650525748,1606.0729999999999,739849.150485,8.014783000000001,4465.278957,0.006035391071372909,1606.0729999999999,739849.150485,7.555015,3976.375379,0.005374575852919924,1606.0729999999999,739849.150485,11.520520000000001,7133.731866,0.009642143755012168,0.059536000000001366,-1.103186067000001,1.199611067000001,3.024704999999999,-2.2696669999999983,-0.4597680000000013,3.965505000000001
Mirpur,900.53,320628.522574,900.53,320628.5225736,70.18469999999999,24750.88987691,0.07719490979221157,900.53,320628.522574,45.5657,12189.274562,0.038016812927760525,900.53,320628.522574,47.0904,12959.163628999999,0.04041800001124063,900.53,320628.5225736,45.24711,11585.812345780001,0.036134690241478716,900.53,320628.522574,56.816599999999994,15914.680193,0.04963588412296334,900.53,320628.522574,53.6574,15499.760508,0.04834180185707809,900.53,320628.522574,47.596199999999996,13172.620218,0.04108374424162405,900.53,320628.522574,41.39856,11843.86809,0.03693953362264105,900.53,320628.522574,25.291520000000002,7483.841558,0.0233411597256534,1.5247000000000028,-1.8432900000000032,11.569489999999995,-3.1591999999999913,-6.061200000000007,-6.197639999999993,-16.10704
Muzaffarabad,1365.9070000000002,555521.514458,1365.9070000000002,555521.514458,1.92977,2837.88697481,0.005108509573348951,1311.176,549540.13813,0.232915,767.31641,0.0013962881994590223,1310.143,549571.719085,0.698708,2165.088975,0.00393959314100938,1364.864,555462.01158,0.730905,1540.2870322506,0.0027729835706843137,1365.7150000000001,555511.038253,0.815082,764.861395,0.001376860840435099,1365.26,555462.7615060001,2.4443,2916.3945160000003,0.0052503870972248744,1365.9070000000002,555521.514458,1.74651,2089.204211,0.0037607980188460437,1365.567,555502.810162,3.421284,3644.0475149999997,0.006559908335904358,1365.557,555432.8635570001,4.42434,4308.615068,0.007757220270344767,0.465793,0.03219700000000003,0.08417699999999995,1.6292180000000003,-0.6977900000000001,1.674774,1.003056
Neelum,3152.47,152049.979349,3152.47,152049.9793492,3.25408,54.56211178,0.0003588432699143201,2605.44,135154.893163,0.0,0.0,0.0,2900.2,144306.663582,0.0,0.0,0.0,3050.5299999999997,148879.042708,0.0,0.0,0.0,3131.68,151525.11129099998,0.231605,3.421228,2.257862060519871e-05,3061.86,149862.951558,0.010254,0.345325,2.3042719792313194e-06,3134.92,151723.610417,0.929314,117.984616,0.000777628581838574,3127.91,151381.68014299998,1.0379,60.057934,0.0003967318498728998,3139.7,151075.25839799998,1.223539,99.366956,0.0006577314978884423,0.0,0.0,0.231605,-0.22135100000000002,0.91906,0.10858600000000007,0.1856389999999999
Poonch,722.5521000000001,513257.706821,722.5521,513257.70682120003,0.23544904,208.01438546168998,0.0004052825368177775,695.6421,497712.47383499995,0.117537,172.604072,0.00034679474812042015,721.9901,513047.64682399994,0.1961,276.073336,0.000538104672556283,722.5521,513257.70682120003,0.235007,307.148228645,0.0005984288683111758,722.5521000000001,513257.706821,0.196938,51.524794,0.0001003877648893627,722.5521000000001,513257.706821,0.1961,276.073336,0.0005378844434892846,722.5521000000001,513257.706821,0.0,0.0,0.0,722.5521000000001,513257.706821,0.037637,15.898562,3.0975788163946e-05,722.5521000000001,513257.706821,0.664832,304.62049,0.0005935039765632534,0.078563,0.038907,-0.03806899999999999,-0.0008380000000000054,-0.1961,0.037637,0.627195
Sudhnoti,570.1206999999999,298029.460537,570.1207,298029.46053700004,1.7494079999999999,772.584298611,0.0025923084825873605,560.4217000000001,293720.078351,0.428651,269.385694,0.0009171511035690246,569.7687000000001,297891.49960900005,0.234646,133.919059,0.00044955649683115016,570.1207,298029.46053700004,0.0,0.0,0.0,570.1206999999999,298029.460537,0.719715,420.512471,0.0014109761841742284,570.1206999999999,298029.460537,0.714953,470.09379,0.0015773400024043545,570.1206999999999,298029.460537,0.250387,136.667917,0.0004585718363337199,570.1206999999999,298029.460537,0.898568,382.181869,0.0012823627178043782,570.1206999999999,298029.460537,0.268414,82.500209,0.00027681897236383346,-0.194005,-0.234646,0.719715,-0.004762000000000044,-0.4645659999999999,0.648181,-0.6301540000000001
