district,province,area_km2,population,flood_extent_km2,exposed_pop,join_key
Sialkot,Punjab,3086.3,4727834,1668.8,1813308,sialkot
Khairpur,Sindh,15993.7,2633701,3090.0,1670439,khairpur
Kambar Shahdad Kot,Sindh,5595.0,1538522,3592.7,1403991,kambarshahdadkot
Larkana,Sindh,1919.8,1676710,1859.5,1348798,larkana
Badin,Sindh,6569.8,1843129,4976.7,1274371,badin
Dadu,Sindh,8015.6,1846784,2627.5,1262147,dadu
Shikarpur,Sindh,2549.9,1464689,2317.0,1236438,shikarpur
Jacobabad,Sindh,2689.3,1231447,2624.5,1151623,jacobabad
Naushahro Feroze,Sindh,3035.0,1812274,2173.1,1138187,naushahroferoze
Shaheed Benazir Abad,Sindh,4579.1,1827889,2492.6,1047050,shaheedbenazirabad
Kashmore,Sindh,2612.9,1048006,2318.4,917927,kashmore
Sanghar,Sindh,10150.9,2269596,2840.2,887528,sanghar
Mirpur Khas,Sindh,3460.4,1619481,1974.1,786883,mirpurkhas
Gujranwala,Punjab,3637.6,5901433,820.8,652954,gujranwala
Ghotki,Sindh,6362.5,1651543,1930.9,642566,ghotki
Hyderabad,Sindh,1018.2,2491263,428.2,637989,hyderabad
Sukkur,Sindh,5174.7,1476717,1491.3,636988,sukkur
Sujawal,Sindh,8682.2,880909,4771.5,635053,sujawal
Dera Ghazi Khan,Punjab,11762.0,2861171,1782.6,607923,deraghazikhan
Muzaffargarh,Punjab,7689.3,4573492,1380.1,579197,muzaffargarh
Narowal,Punjab,2393.2,2192876,671.7,576082,narowal
Sheikhupura,Punjab,3646.2,3978886,860.8,545879,sheikhupura
D. I. Khan,Khyber Pakhtunkhwa,9026.6,1628668,2770.9,528360,dikhan
Rajanpur,Punjab,12578.0,1973128,2359.5,513859,rajanpur
Gujrat,Punjab,3183.0,3586030,547.3,474901,gujrat
Umer Kot,Sindh,5486.1,1102728,1420.3,423843,umerkot
Tando Muhammad Khan,Sindh,1675.7,728789,1112.3,418262,tandomuhammadkhan
Thatta,Sindh,7627.4,933431,2596.7,411163,thatta
Mandi Bahauddin,Punjab,2751.4,2005565,614.0,388309,mandibahauddin
Jamshoro,Sindh,11226.1,970020,1042.0,369105,jamshoro
Jaffarabad,Balochistan,1700.9,387332,1663.4,358387,jaffarabad
Matiari,Sindh,1456.9,824846,797.3,355524,matiari
Jhang,Punjab,6354.5,3243846,769.3,337929,jhang
Bahawalnagar,Punjab,8602.2,3572120,669.8,336466,bahawalnagar
Musakhel,Balochistan,5897.2,175701,567.6,329598,musakhel
Hafizabad,Punjab,2285.7,1445333,589.8,276569,hafizabad
Nankana Sahib,Punjab,2203.6,1781222,484.2,262071,nankanasahib
Leiah,Punjab,6415.0,1974646,735.6,227930,leiah
Nasirabad,Balochistan,3223.0,314870,1899.2,225473,nasirabad
Nowshera,Khyber Pakhtunkhwa,1727.6,1612543,152.3,222728,nowshera
Kasur,Punjab,4007.4,4108342,271.0,210851,kasur
Tando Allahyar,Sindh,1543.0,822645,528.7,208050,tandoallahyar
Rahim Yar Khan,Punjab,12845.9,5452296,846.4,194328,rahimyarkhan
Multan,Punjab,3650.2,5409172,310.9,186684,multan
Sargodha,Punjab,5859.3,4645236,295.6,172306,sargodha
Charsadda,Khyber Pakhtunkhwa,999.9,1903134,99.9,168266,charsadda
Khanewal,Punjab,4361.4,3589086,303.5,159448,khanewal
Faisalabad,Punjab,5965.7,9421832,243.2,154347,faisalabad
Swat,Khyber Pakhtunkhwa,5357.2,2315923,65.5,151309,swat
Lahore,Punjab,1739.6,10965050,67.6,150994,lahore
Mianwali,Punjab,5963.9,1828205,657.5,150631,mianwali
Chiniot,Punjab,2608.4,1674998,315.2,147816,chiniot
Khushab,Punjab,6608.3,1571671,427.5,137989,khushab
Sohbatpur,Balochistan,786.3,150210,596.5,127192,sohbatpur
Okara,Punjab,4455.8,3873627,197.5,115101,okara
Swabi,Khyber Pakhtunkhwa,1483.0,1880078,125.9,109498,swabi
South Karachi,Sindh,507.8,4259644,26.1,95709,southkarachi
Jhelum,Punjab,3580.3,1604041,210.2,88129,jhelum
Tank,Khyber Pakhtunkhwa,2817.6,472974,271.5,74371,tank
Peshawar,Khyber Pakhtunkhwa,1540.0,3724680,46.8,74144,peshawar
Lehri,Balochistan,3283.4,113447,1501.1,70174,lehri
Sahiwal,Punjab,3237.3,3198263,96.7,66779,sahiwal
Toba Tek Singh,Punjab,3087.8,2813941,124.8,62941,tobateksingh
Lower Dir,Khyber Pakhtunkhwa,1606.2,1403856,26.5,62810,lowerdir
Haripur,Khyber Pakhtunkhwa,1958.6,1338871,131.2,59144,haripur
Malir Karachi,Sindh,2726.7,1628446,221.4,58552,malirkarachi
Jhal Magsi,Balochistan,3859.0,140029,1508.2,58139,jhalmagsi
Attock,Punjab,6920.7,2250044,189.4,55683,attock
Bahawalpur,Punjab,23989.8,4220105,132.9,53337,bahawalpur
Mardan,Khyber Pakhtunkhwa,1638.4,2668410,35.3,44177,mardan
Kachhi,Balochistan,5362.4,255394,815.5,44175,kachhi
Korangi Karachi,Sindh,104.3,1899580,8.8,39144,korangikarachi
Tharparkar,Sindh,19675.2,1502768,785.6,31698,tharparkar
Pakpattan,Punjab,2893.9,2233051,53.8,27717,pakpattan
Tor Ghar,Khyber Pakhtunkhwa,455.4,309202,34.4,25716,torghar
Mirpur,Azad Jammu & Kashmir,900.5,320629,70.2,24751,mirpur
Rawalpindi,Punjab,5241.5,5837183,69.5,23819,rawalpindi
Malakand,Khyber Pakhtunkhwa,906.6,762251,7.5,22393,malakand
Lakki Marwat,Khyber Pakhtunkhwa,3339.6,886060,54.4,21948,lakkimarwat
Upper Dir,Khyber Pakhtunkhwa,3735.9,1046486,30.8,21147,upperdir
Lodhran,Punjab,2668.7,2032661,31.8,18976,lodhran
Bhakkar,Punjab,8477.6,1791233,134.4,18832,bhakkar
Vehari,Punjab,4508.0,3627925,31.9,16784,vehari
Shangla,Khyber Pakhtunkhwa,1387.1,800402,17.4,12869,shangla
Islamabad,Islamabad,904.1,2041786,6.9,12482,islamabad
Chakwal,Punjab,6500.0,1854849,53.1,12416,chakwal
Orakzai,Khyber Pakhtunkhwa,1370.0,338742,6.9,9679,orakzai
Kohat,Khyber Pakhtunkhwa,3440.5,1190280,56.5,9190,kohat
Lasbela,Balochistan,14066.3,395455,527.0,8541,lasbela
Mansehra,Khyber Pakhtunkhwa,4045.3,1777307,7.0,8300,mansehra
Kotli,Azad Jammu & Kashmir,1606.1,739849,11.5,7538,kotli
Duki,Balochistan,4333.1,148493,139.9,6594,duki
Kohlu,Balochistan,7722.1,127850,410.6,6404,kohlu
Sibi,Balochistan,4963.3,132836,147.7,6315,sibi
Batagram,Khyber Pakhtunkhwa,1489.3,585210,6.5,6121,batagram
Gwadar,Balochistan,11669.1,223736,363.0,5953,gwadar
Bannu,Khyber Pakhtunkhwa,2027.3,1303327,26.3,5902,bannu
Khyber,Khyber Pakhtunkhwa,2747.7,872631,20.8,5697,khyber
Mohmand,Khyber Pakhtunkhwa,2262.7,572314,11.3,5566,mohmand
Ghanche,Gilgit-Baltistan,8765.5,109809,74.4,5469,ghanche
Kech,Balochistan,24617.4,530286,181.1,4828,kech
Bhimber,Azad Jammu & Kashmir,1218.9,380656,10.8,4571,bhimber
Muzaffarabad,Azad Jammu & Kashmir,1365.9,555522,4.4,4309,muzaffarabad
Skardu,Gilgit-Baltistan,2135.7,79353,45.3,3903,skardu
Pishin,Balochistan,6085.9,540546,12.5,3678,pishin
Dera Bugti,Balochistan,10286.2,234598,39.9,3481,derabugti
Mastung,Balochistan,4714.6,197597,58.3,3480,mastung
Chitral Lower,Khyber Pakhtunkhwa,6081.7,339361,16.0,3336,chitrallower
Khuzdar,Balochistan,30972.8,535648,92.5,2955,khuzdar
Kolai Palas Kohistan,Khyber Pakhtunkhwa,1233.3,317035,3.6,2755,kolaipalaskohistan
Kharan,Balochistan,8231.9,110145,72.6,2340,kharan
Bajaur,Khyber Pakhtunkhwa,1367.0,871905,4.3,2258,bajaur
Panjgur,Balochistan,17670.5,300424,243.7,1760,panjgur
Ghizer,Gilgit-Baltistan,4340.6,65245,18.7,1543,ghizer
West Karachi,Sindh,241.8,2222959,2.1,1477,westkarachi
Nushki,Balochistan,5872.8,126757,94.6,1405,nushki
Shigar,Gilgit-Baltistan,8585.8,57696,57.4,1329,shigar
Chagai,Balochistan,44796.0,135296,446.8,1304,chagai
Gilgit,Gilgit-Baltistan,4036.6,132467,6.4,1165,gilgit
Karak,Khyber Pakhtunkhwa,2648.8,790386,8.2,1087,karak
Hunza,Gilgit-Baltistan,11495.0,50411,70.4,1087,hunza
Zhob,Balochistan,11927.7,261042,70.0,1027,zhob
Jhelum Valley,Azad Jammu & Kashmir,684.5,221213,0.9,1024,jhelumvalley
Killa Saifullah,Balochistan,12395.8,247858,52.2,1010,killasaifullah
Kohistan Upper,Khyber Pakhtunkhwa,5500.8,326713,7.6,990,kohistanupper
Kohistan Lower,Khyber Pakhtunkhwa,825.4,223071,1.5,956,kohistanlower
Chitral Upper,Khyber Pakhtunkhwa,8630.6,245398,24.8,919,chitralupper
Sherani,Balochistan,3048.5,116606,29.2,869,sherani
South Waziristan,Khyber Pakhtunkhwa,6220.3,641204,24.3,826,southwaziristan
Sudhnoti,Azad Jammu & Kashmir,570.1,298029,1.7,773,sudhnoti
Gupis-yasin,Gilgit-Baltistan,7746.8,95575,15.0,759,gupisyasin
Awaran,Balochistan,25052.0,153961,207.8,753,awaran
Kurram,Khyber Pakhtunkhwa,3397.0,716942,3.7,738,kurram
Killa Abdullah,Balochistan,2994.1,238770,38.1,693,killaabdullah
Nagar,Gilgit-Baltistan,3038.8,92120,6.4,690,nagar
Quetta,Balochistan,3760.7,989649,3.2,582,quetta
North Waziristan,Khyber Pakhtunkhwa,4926.9,562700,6.2,558,northwaziristan
Hangu,Khyber Pakhtunkhwa,1371.9,575968,1.4,469,hangu
Bagh,Azad Jammu & Kashmir,697.2,378099,0.4,330,bagh
Poonch,Azad Jammu & Kashmir,722.6,513258,0.7,307,poonch
Buner,Khyber Pakhtunkhwa,1777.2,936352,0.6,289,buner
Kharmang,Gilgit-Baltistan,6023.3,101346,15.5,253,kharmang
Shaheed Sikandarabad,Balochistan,3710.5,117665,8.3,243,shaheedsikandarabad
Kalat,Balochistan,10184.2,188471,17.1,227,kalat
Astore,Gilgit-Baltistan,5164.8,124624,17.1,224,astore
Loralai,Balochistan,3793.8,171678,4.6,223,loralai
Abbottabad,Khyber Pakhtunkhwa,1644.5,1521584,0.3,186,abbottabad
Diamir,Gilgit-Baltistan,4235.5,84878,8.4,160,diamir
Rondu,Gilgit-Baltistan,1894.8,39490,4.4,153,rondu
Haveli,Azad Jammu & Kashmir,553.5,154790,0.8,127,haveli
Ziarat,Balochistan,3269.8,103416,3.0,118,ziarat
Neelum,Azad Jammu & Kashmir,3152.5,152050,3.3,118,neelum
Darel,Gilgit-Baltistan,1657.2,54348,1.5,52,darel
Barkhan,Balochistan,3513.0,127965,1.1,37,barkhan
Harnai,Balochistan,3061.5,98145,2.3,37,harnai
Washuk,Balochistan,39205.4,154154,19.2,29,washuk
Tangir,Gilgit-Baltistan,1105.7,31257,0.2,6,tangir
Central Karachi,Sindh,65.2,3468920,0.0,0,centralkarachi
East Karachi,Sindh,202.9,2843556,0.0,0,eastkarachi
Chaman,Balochistan,1636.4,165068,0.0,0,chaman
