district,province,area_km2,population,flood_extent_km2,exposed_pop,beneficiaries_reached,households_reached,people_targeted,activities,coverage_ratio,gap_flag
Sialkot,Punjab,3086.3,4727834,1668.8,1813308,0,0,0.0,2,0.0,"BIG GAP — relief rows exist, 0 beneficiaries reported"
Khairpur,Sindh,15993.7,2633701,3090.0,1670439,1984769,145089,3435727.0,8930,1.1881720912885774,covered
Kambar Shahdad Kot,Sindh,5595.0,1538522,3592.7,1403991,2884455,145596,2043919.0,6390,2.0544682978737043,covered
Larkana,Sindh,1919.8,1676710,1859.5,1348798,1039050,62773,539756.0,1991,0.7703525657659634,covered
Badin,Sindh,6569.8,1843129,4976.7,1274371,635818,45245,865960.0,1420,0.4989269215950457,partial gap
Dadu,Sindh,8015.6,1846784,2627.5,1262147,3408112,204736,2601989.0,7739,2.7002496539626524,covered
Shikarpur,Sindh,2549.9,1464689,2317.0,1236438,939754,80856,743890.0,1835,0.7600494323209089,covered
Jacobabad,Sindh,2689.3,1231447,2624.5,1151623,1978404,89586,1405624.0,1820,1.7179267868043622,covered
Naushahro Feroze,Sindh,3035.0,1812274,2173.1,1138187,1351212,82113,900799.0,4893,1.187161687842156,covered
Shaheed Benazir Abad,Sindh,4579.1,1827889,2492.6,1047050,844776,38997,359212.0,2326,0.8068153383315028,covered
Kashmore,Sindh,2612.9,1048006,2318.4,917927,831225,52128,523270.0,1049,0.9055458658477199,covered
Sanghar,Sindh,10150.9,2269596,2840.2,887528,1662918,97666,1689877.0,3495,1.8736513101558485,covered
Mirpur Khas,Sindh,3460.4,1619481,1974.1,786883,1907305,161554,2148225.0,2062,2.4238736889728205,covered
Gujranwala,Punjab,3637.6,5901433,820.8,652954,0,0,,0,0.0,BIG GAP — no relief rows at all
Ghotki,Sindh,6362.5,1651543,1930.9,642566,353007,27222,146878.0,1507,0.5493708039329812,partial gap
Hyderabad,Sindh,1018.2,2491263,428.2,637989,356013,305521,355760.0,118,0.5580237276818253,partial gap
Sukkur,Sindh,5174.7,1476717,1491.3,636988,400655,49223,364043.0,639,0.6289835915276268,partial gap
Sujawal,Sindh,8682.2,880909,4771.5,635053,79834,22725,50455.0,56,0.12571234211947666,BIG GAP — relief far below need
Dera Ghazi Khan,Punjab,11762.0,2861171,1782.6,607923,1762954,44497,1100944.0,2899,2.8999626597447374,covered
Muzaffargarh,Punjab,7689.3,4573492,1380.1,579197,104986,5815,55495.0,70,0.18126129796943008,BIG GAP — relief far below need
Narowal,Punjab,2393.2,2192876,671.7,576082,0,0,,0,0.0,BIG GAP — no relief rows at all
Sheikhupura,Punjab,3646.2,3978886,860.8,545879,105,0,105.0,1,0.0001923503193931256,BIG GAP — relief far below need
D. I. Khan,Khyber Pakhtunkhwa,9026.6,1628668,2770.9,528360,1618873,116167,1351759.0,2901,3.0639582860171095,covered
Rajanpur,Punjab,12578.0,1973128,2359.5,513859,3391194,99664,2392247.0,4825,6.599464055314785,covered
Gujrat,Punjab,3183.0,3586030,547.3,474901,67,67,67.0,2,0.00014108203604540736,BIG GAP — relief far below need
Umer Kot,Sindh,5486.1,1102728,1420.3,423843,1761664,128333,2595894.0,3094,4.156406971449334,covered
Tando Muhammad Khan,Sindh,1675.7,728789,1112.3,418262,42487,1817,11095.0,65,0.10157987098995366,BIG GAP — relief far below need
Thatta,Sindh,7627.4,933431,2596.7,411163,620794,200052,384983.0,6375,1.5098488920452473,covered
Mandi Bahauddin,Punjab,2751.4,2005565,614.0,388309,0,0,,0,0.0,BIG GAP — no relief rows at all
Jamshoro,Sindh,11226.1,970020,1042.0,369105,883808,147291,494997.0,457,2.3944622803809215,covered
Jaffarabad,Balochistan,1700.9,387332,1663.4,358387,1505648,130237,1603919.0,2816,4.2011791722356,covered
Matiari,Sindh,1456.9,824846,797.3,355524,304618,41698,203988.0,217,0.856814167257344,covered
Jhang,Punjab,6354.5,3243846,769.3,337929,0,0,200.0,4,0.0,"BIG GAP — relief rows exist, 0 beneficiaries reported"
Bahawalnagar,Punjab,8602.2,3572120,669.8,336466,16600,2371,15400.0,4,0.04933633710389757,BIG GAP — relief far below need
Musakhel,Balochistan,5897.2,175701,567.6,329598,16214,3214,27181.0,13,0.04919325966783779,BIG GAP — relief far below need
Hafizabad,Punjab,2285.7,1445333,589.8,276569,0,0,,0,0.0,BIG GAP — no relief rows at all
Nankana Sahib,Punjab,2203.6,1781222,484.2,262071,0,0,,0,0.0,BIG GAP — no relief rows at all
Leiah,Punjab,6415.0,1974646,735.6,227930,43148,1000,37570.0,39,0.1893037336024218,BIG GAP — relief far below need
Nasirabad,Balochistan,3223.0,314870,1899.2,225473,1409300,97690,1220302.0,2968,6.250415792578269,covered
Nowshera,Khyber Pakhtunkhwa,1727.6,1612543,152.3,222728,396514,19985,421912.0,732,1.780261125677957,covered
Kasur,Punjab,4007.4,4108342,271.0,210851,7400,1057,7000.0,7,0.035095873389265404,BIG GAP — relief far below need
Tando Allahyar,Sindh,1543.0,822645,528.7,208050,53825,2006,15085.0,64,0.2587118481134343,partial gap
Rahim Yar Khan,Punjab,12845.9,5452296,846.4,194328,1758,80,1808.0,4,0.009046560454489316,BIG GAP — relief far below need
Multan,Punjab,3650.2,5409172,310.9,186684,2,0,0.0,1,1.0713290908701336e-05,BIG GAP — relief far below need
Sargodha,Punjab,5859.3,4645236,295.6,172306,0,0,,0,0.0,BIG GAP — no relief rows at all
Charsadda,Khyber Pakhtunkhwa,999.9,1903134,99.9,168266,516162,25149,416495.0,1197,3.067535925261194,covered
Khanewal,Punjab,4361.4,3589086,303.5,159448,0,0,,0,0.0,BIG GAP — no relief rows at all
Faisalabad,Punjab,5965.7,9421832,243.2,154347,600,86,0.0,2,0.00388734474916908,BIG GAP — relief far below need
Swat,Khyber Pakhtunkhwa,5357.2,2315923,65.5,151309,1086077,82654,938874.0,1638,7.177874415930315,covered
Lahore,Punjab,1739.6,10965050,67.6,150994,359,0,0.0,3,0.0023775779170033245,BIG GAP — relief far below need
Mianwali,Punjab,5963.9,1828205,657.5,150631,315846,3000,33800.0,18,2.096819379808937,covered
Chiniot,Punjab,2608.4,1674998,315.2,147816,0,0,,0,0.0,BIG GAP — no relief rows at all
Khushab,Punjab,6608.3,1571671,427.5,137989,0,0,0.0,1,0.0,"BIG GAP — relief rows exist, 0 beneficiaries reported"
Sohbatpur,Balochistan,786.3,150210,596.5,127192,1043586,120568,776388.0,2026,8.204808478520661,covered
Okara,Punjab,4455.8,3873627,197.5,115101,100,14,0.0,1,0.0008688021824310823,BIG GAP — relief far below need
Swabi,Khyber Pakhtunkhwa,1483.0,1880078,125.9,109498,25281,699,21712.0,220,0.2308809293320426,BIG GAP — relief far below need
South Karachi,Sindh,507.8,4259644,26.1,95709,21805,272,21124.0,34,0.22782601427242996,BIG GAP — relief far below need
Jhelum,Punjab,3580.3,1604041,210.2,88129,0,0,0.0,1,0.0,"BIG GAP — relief rows exist, 0 beneficiaries reported"
Tank,Khyber Pakhtunkhwa,2817.6,472974,271.5,74371,490804,27950,506591.0,1019,6.59940030388189,covered
Peshawar,Khyber Pakhtunkhwa,1540.0,3724680,46.8,74144,381524,2832,746804.0,214,5.145716443677169,covered
Lehri,Balochistan,3283.4,113447,1501.1,70174,286,300,0.0,2,0.004075583549462764,BIG GAP — relief far below need
Sahiwal,Punjab,3237.3,3198263,96.7,66779,0,0,,0,0.0,BIG GAP — no relief rows at all
Toba Tek Singh,Punjab,3087.8,2813941,124.8,62941,0,0,,0,0.0,BIG GAP — no relief rows at all
Lower Dir,Khyber Pakhtunkhwa,1606.2,1403856,26.5,62810,107609,4139,30962.0,178,1.7132462983601338,covered
Haripur,Khyber Pakhtunkhwa,1958.6,1338871,131.2,59144,9538,192,394.0,128,0.1612674151224131,BIG GAP — relief far below need
Malir Karachi,Sindh,2726.7,1628446,221.4,58552,181024,151000,196548.0,37,3.0916791911463313,covered
Jhal Magsi,Balochistan,3859.0,140029,1508.2,58139,676468,39264,698214.0,2401,11.635356645281137,covered
Attock,Punjab,6920.7,2250044,189.4,55683,0,0,0.0,1,0.0,"BIG GAP — relief rows exist, 0 beneficiaries reported"
Bahawalpur,Punjab,23989.8,4220105,132.9,53337,35790,86,24630.0,29,0.6710163676247258,partial gap
Mardan,Khyber Pakhtunkhwa,1638.4,2668410,35.3,44177,54552,120,18106.0,66,1.2348507141725331,covered
Kachhi,Balochistan,5362.4,255394,815.5,44175,439821,94614,353534.0,474,9.956332767402376,covered
Korangi Karachi,Sindh,104.3,1899580,8.8,39144,0,0,0.0,3,0.0,"BIG GAP — relief rows exist, 0 beneficiaries reported"
Tharparkar,Sindh,19675.2,1502768,785.6,31698,136868,7437,63047.0,76,4.31787494479147,covered
Pakpattan,Punjab,2893.9,2233051,53.8,27717,0,0,,0,0.0,BIG GAP — no relief rows at all
Tor Ghar,Khyber Pakhtunkhwa,455.4,309202,34.4,25716,0,0,,0,0.0,BIG GAP — no relief rows at all
Mirpur,Azad Jammu & Kashmir,900.5,320629,70.2,24751,0,0,,0,0.0,BIG GAP — no relief rows at all
Rawalpindi,Punjab,5241.5,5837183,69.5,23819,0,0,0.0,1,0.0,"BIG GAP — relief rows exist, 0 beneficiaries reported"
Malakand,Khyber Pakhtunkhwa,906.6,762251,7.5,22393,48576,0,104.0,50,2.169249318983611,covered
Lakki Marwat,Khyber Pakhtunkhwa,3339.6,886060,54.4,21948,22326,8,22006.0,49,1.0172225259704757,covered
Upper Dir,Khyber Pakhtunkhwa,3735.9,1046486,30.8,21147,475886,49184,455168.0,39,22.503712110464843,covered
Lodhran,Punjab,2668.7,2032661,31.8,18976,0,0,,0,0.0,BIG GAP — no relief rows at all
Bhakkar,Punjab,8477.6,1791233,134.4,18832,2100,0,12600.0,4,0.1115123194562447,BIG GAP — relief far below need
Vehari,Punjab,4508.0,3627925,31.9,16784,7600,1086,7000.0,4,0.45281220209723544,partial gap
Shangla,Khyber Pakhtunkhwa,1387.1,800402,17.4,12869,42953,6600,48350.0,11,3.337710777838216,covered
Islamabad,Islamabad,904.1,2041786,6.9,12482,0,0,,0,0.0,BIG GAP — no relief rows at all
Chakwal,Punjab,6500.0,1854849,53.1,12416,56,112,56.0,3,0.004510309278350515,BIG GAP — relief far below need
Orakzai,Khyber Pakhtunkhwa,1370.0,338742,6.9,9679,146286,21896,90166.0,34,15.113751420601302,covered
Kohat,Khyber Pakhtunkhwa,3440.5,1190280,56.5,9190,13312,23,2963.0,211,1.448531011969532,covered
Lasbela,Balochistan,14066.3,395455,527.0,8541,920596,99112,668796.0,2877,107.78550521016274,covered
Mansehra,Khyber Pakhtunkhwa,4045.3,1777307,7.0,8300,30200,3739,19390.0,59,3.63855421686747,covered
Kotli,Azad Jammu & Kashmir,1606.1,739849,11.5,7538,0,0,0.0,1,0.0,"BIG GAP — relief rows exist, 0 beneficiaries reported"
Duki,Balochistan,4333.1,148493,139.9,6594,1571,0,0.0,1,0.23824689111313316,BIG GAP — relief far below need
Kohlu,Balochistan,7722.1,127850,410.6,6404,8987,1335,5250.0,46,1.4033416614615866,covered
Sibi,Balochistan,4963.3,132836,147.7,6315,149895,11225,77914.0,723,23.736342042755343,covered
Batagram,Khyber Pakhtunkhwa,1489.3,585210,6.5,6121,112,0,0.0,8,0.018297663780428033,BIG GAP — relief far below need
Gwadar,Balochistan,11669.1,223736,363.0,5953,200,0,0.0,2,0.033596505963379805,BIG GAP — relief far below need
Bannu,Khyber Pakhtunkhwa,2027.3,1303327,26.3,5902,33736,4907,46138.0,6,5.716028464927144,covered
Khyber,Khyber Pakhtunkhwa,2747.7,872631,20.8,5697,195991,27185,132925.0,149,34.4024925399333,covered
Mohmand,Khyber Pakhtunkhwa,2262.7,572314,11.3,5566,48146,6142,0.0,129,8.6500179662235,covered
Ghanche,Gilgit-Baltistan,8765.5,109809,74.4,5469,14686,1900,14686.0,13,2.685317242640336,covered
Kech,Balochistan,24617.4,530286,181.1,4828,15389,10890,18458.0,21,3.1874482187241093,covered
Bhimber,Azad Jammu & Kashmir,1218.9,380656,10.8,4571,10400,1600,0.0,1,2.2752133012469917,covered
Muzaffarabad,Azad Jammu & Kashmir,1365.9,555522,4.4,4309,14138,2175,0.0,1,3.281039684381527,covered
Skardu,Gilgit-Baltistan,2135.7,79353,45.3,3903,14000,2000,14000.0,3,3.586984370996669,covered
Pishin,Balochistan,6085.9,540546,12.5,3678,288634,23129,202720.0,296,78.4758020663404,covered
Dera Bugti,Balochistan,10286.2,234598,39.9,3481,42202,0,0.0,5,12.12352772191899,covered
Mastung,Balochistan,4714.6,197597,58.3,3480,23120,1700,23469.0,12,6.64367816091954,covered
Chitral Lower,Khyber Pakhtunkhwa,6081.7,339361,16.0,3336,126378,17173,105664.0,34,37.88309352517986,covered
Khuzdar,Balochistan,30972.8,535648,92.5,2955,130022,17124,121527.0,118,44.00067681895093,covered
Kolai Palas Kohistan,Khyber Pakhtunkhwa,1233.3,317035,3.6,2755,0,250,250.0,1,0.0,"BIG GAP — relief rows exist, 0 beneficiaries reported"
Kharan,Balochistan,8231.9,110145,72.6,2340,36783,4300,28000.0,118,15.71923076923077,covered
Bajaur,Khyber Pakhtunkhwa,1367.0,871905,4.3,2258,0,0,,0,0.0,BIG GAP — no relief rows at all
Panjgur,Balochistan,17670.5,300424,243.7,1760,56255,7898,57545.0,12,31.963068181818183,covered
Ghizer,Gilgit-Baltistan,4340.6,65245,18.7,1543,46216,6711,35252.0,88,29.95204147764096,covered
West Karachi,Sindh,241.8,2222959,2.1,1477,65300,0,20400.0,6,44.211238997968856,covered
Nushki,Balochistan,5872.8,126757,94.6,1405,156243,41315,235512.0,258,111.20498220640569,covered
Shigar,Gilgit-Baltistan,8585.8,57696,57.4,1329,0,0,0.0,1,0.0,"BIG GAP — relief rows exist, 0 beneficiaries reported"
Chagai,Balochistan,44796.0,135296,446.8,1304,40179,5515,39545.0,16,30.812116564417177,covered
Gilgit,Gilgit-Baltistan,4036.6,132467,6.4,1165,6360,1158,1125.0,10,5.459227467811159,covered
Karak,Khyber Pakhtunkhwa,2648.8,790386,8.2,1087,35540,2880,47065.0,23,32.69549218031279,covered
Hunza,Gilgit-Baltistan,11495.0,50411,70.4,1087,0,0,0.0,1,0.0,"BIG GAP — relief rows exist, 0 beneficiaries reported"
Zhob,Balochistan,11927.7,261042,70.0,1027,34571,0,0.0,9,33.662122687439144,covered
Jhelum Valley,Azad Jammu & Kashmir,684.5,221213,0.9,1024,0,0,,0,0.0,BIG GAP — no relief rows at all
Killa Saifullah,Balochistan,12395.8,247858,52.2,1010,495193,58473,392272.0,225,490.290099009901,covered
Kohistan Upper,Khyber Pakhtunkhwa,5500.8,326713,7.6,990,141840,10254,170560.0,170,143.27272727272728,covered
Kohistan Lower,Khyber Pakhtunkhwa,825.4,223071,1.5,956,27649,3020,28249.0,23,28.921548117154813,covered
Chitral Upper,Khyber Pakhtunkhwa,8630.6,245398,24.8,919,480243,47962,387897.0,41,522.5712731229597,covered
Sherani,Balochistan,3048.5,116606,29.2,869,0,0,,0,0.0,BIG GAP — no relief rows at all
South Waziristan,Khyber Pakhtunkhwa,6220.3,641204,24.3,826,0,0,,0,0.0,BIG GAP — no relief rows at all
Sudhnoti,Azad Jammu & Kashmir,570.1,298029,1.7,773,0,0,,0,0.0,BIG GAP — no relief rows at all
Gupis-yasin,Gilgit-Baltistan,7746.8,95575,15.0,759,14000,2000,14000.0,5,18.44532279314888,covered
Awaran,Balochistan,25052.0,153961,207.8,753,12451,800,3500.0,108,16.535192563081008,covered
Kurram,Khyber Pakhtunkhwa,3397.0,716942,3.7,738,32507,5001,0.0,2,44.047425474254744,covered
Killa Abdullah,Balochistan,2994.1,238770,38.1,693,197622,12984,203646.0,83,285.16883116883116,covered
Nagar,Gilgit-Baltistan,3038.8,92120,6.4,690,12600,1800,0.0,4,18.26086956521739,covered
Quetta,Balochistan,3760.7,989649,3.2,582,1188206,136601,1330706.0,708,2041.5910652920961,covered
North Waziristan,Khyber Pakhtunkhwa,4926.9,562700,6.2,558,0,0,,0,0.0,BIG GAP — no relief rows at all
Hangu,Khyber Pakhtunkhwa,1371.9,575968,1.4,469,1256,67,77.0,25,2.678038379530917,covered
Bagh,Azad Jammu & Kashmir,697.2,378099,0.4,330,0,0,,0,0.0,BIG GAP — no relief rows at all
Poonch,Azad Jammu & Kashmir,722.6,513258,0.7,307,0,0,,0,0.0,BIG GAP — no relief rows at all
Buner,Khyber Pakhtunkhwa,1777.2,936352,0.6,289,46417,5200,53584.0,360,160.61245674740485,covered
Kharmang,Gilgit-Baltistan,6023.3,101346,15.5,253,0,0,0.0,1,0.0,"BIG GAP — relief rows exist, 0 beneficiaries reported"
Shaheed Sikandarabad,Balochistan,3710.5,117665,8.3,243,0,0,,0,0.0,BIG GAP — no relief rows at all
Kalat,Balochistan,10184.2,188471,17.1,227,145632,20687,123545.0,51,641.5506607929516,covered
Astore,Gilgit-Baltistan,5164.8,124624,17.1,224,39312,5616,28000.0,8,175.5,covered
Loralai,Balochistan,3793.8,171678,4.6,223,146278,9069,126816.0,51,655.9551569506726,covered
Abbottabad,Khyber Pakhtunkhwa,1644.5,1521584,0.3,186,201,0,0.0,10,1.0806451612903225,covered
Diamir,Gilgit-Baltistan,4235.5,84878,8.4,160,618,420,0.0,4,3.8625,covered
Rondu,Gilgit-Baltistan,1894.8,39490,4.4,153,0,0,,0,0.0,BIG GAP — no relief rows at all
Haveli,Azad Jammu & Kashmir,553.5,154790,0.8,127,0,0,,0,0.0,BIG GAP — no relief rows at all
Ziarat,Balochistan,3269.8,103416,3.0,118,14050,2000,14050.0,3,119.0677966101695,covered
Neelum,Azad Jammu & Kashmir,3152.5,152050,3.3,118,35000,5000,35000.0,2,296.6101694915254,covered
Darel,Gilgit-Baltistan,1657.2,54348,1.5,52,0,0,,0,0.0,BIG GAP — no relief rows at all
Barkhan,Balochistan,3513.0,127965,1.1,37,873,0,0.0,6,23.594594594594593,covered
Harnai,Balochistan,3061.5,98145,2.3,37,1174,0,0.0,5,31.72972972972973,covered
Washuk,Balochistan,39205.4,154154,19.2,29,35690,4112,35614.0,14,1230.6896551724137,covered
Tangir,Gilgit-Baltistan,1105.7,31257,0.2,6,2250,0,2250.0,3,375.0,covered
Central Karachi,Sindh,65.2,3468920,0.0,0,50422,17069,71931.0,39,,no flooding measured
East Karachi,Sindh,202.9,2843556,0.0,0,0,0,400.0,10,,no flooding measured
Chaman,Balochistan,1636.4,165068,0.0,0,64494,1633,31108.0,80,,no flooding measured
